nartyta02,c0cd914c-c6fd-4d23-965c-70d53aec4015
thesiggaming,6893feb2-d6f3-45fe-ad89-010a5f21a14b
r1nzler_,cbfab384-96b3-446e-9d77-9da09da57753
outtime,124163c9-3b17-4bc7-98e1-243a3b306abe
ausdin_trial,32775fdc-738a-4b8d-a4e6-750179c09f16
galvatorlp,9dcb7da5-9d0b-40e3-938c-04dd483ee180
felixplayzz,e1cdd6db-ddd5-4939-816f-29c4b4524dc4
kfcnuggets,24bbec80-dd68-453e-95df-296ca76ac88a
mohamad82,dd665c02-bb83-4f8c-a524-7a7fd3e3de1f
mehrshad1381,0bfc484c-1e86-496a-bb62-aa593e436f01
srbaaty,51e6619c-9647-47b9-ba0c-ad8e025eb661
valnt1n,14eeb260-14b5-47c9-83fe-be6c7bbb08bc
heyoppa,10e9f5e9-ff8d-4c47-b1b6-38d710734c18
19970515,3527b59a-a48b-45d5-96e3-7be6b1a3505d
lacsatv,e473fec8-a97b-4d09-ab80-70f3d1fca9f5
s_city,5dfcb82d-ddc8-46f7-92f3-2ff0ded9106c
vaktus_,b59c5d35-9f5b-42a8-9664-cd4b1ba2f93b
zeddlingz,47e58603-48c2-470c-bc7f-705c093072a0
roughness,951b5a04-ed24-4d7e-9353-203c5d856add
ayykms,862ed763-bd3e-4855-afd0-a3c3c8b48ac2
killntorture,8111c16c-55b5-4988-92d1-24a14060743a
reapofthedead,7c66383e-844c-4afa-9f15-bd7f3745687b
konfliq,114de227-16e8-484d-a6d9-9fa0eaaeedcd
sachihirosenpaix,93c4a055-a977-48a6-a9c2-72b8d1807c25
aalexrr,2aacf5dc-64ac-4a53-8ea3-0ad42e08a31b
_vollmerek,bcb32f7d-5169-414e-8284-f4cf7a31265b
justnohacks,28bf27b1-fb09-4058-b7a7-b5a5874141c3
lam0204,145cb63a-4348-4d48-87e4-6b1d7d3349cb
legitfaceboos,eb53b0fc-dde8-4017-b1cc-999a523edd6f
anweisung,fbfa513b-0f34-45e0-9e29-d95cb4c070a9
captainannoymous,aa7da31c-9700-45a9-b15d-3e9e6ea97acd
deluxemario,b968559f-369d-4a6a-bd33-c53e71320dd8
flapjack_g,a70a143e-8958-4413-a2b9-4b197babedbf
denizin,40f4dd8d-e8a0-4fcb-ac72-fb8479c2f89f
funtime_egger,d430766a-c0c0-439f-822b-2d1802247a2f
roychu_mc,a9c18b81-0708-4d20-9e5a-83db9c4031c3
cloudyiv,bd657e44-15f3-4b1b-90ef-aca692f979bf
madn3ssplays,db379252-0d90-44dc-8371-cf82a10ea4ca
bgtroll,b9f025d9-0c76-4fd7-81e1-3e1eb84c1f01
burkee_,5f56ef55-faab-49d0-99c2-aad66feb0c9b
aker1,f3256b5b-410f-4c90-9022-8a209eed793d
eagleeye04,d8489c43-0aa0-41a6-b406-d6f2e7412563
mysticzqch,cdc13364-cc59-4e52-9220-e3701b406857
sckaletz,e0102e6b-65d2-4c6d-91a3-8038af88cb72
actyz,f83f4489-02f7-4274-8743-34d01d2f5e02
dj2553,046e0fc8-d7a7-4d8d-a6e7-6e7b21c0dd94
muzzey,934293ac-bdbe-4c0c-93ae-59e08e4557cd
arasple,6bc7b940-ba40-4255-8f95-85a6c7f23f54
synoptic,74cb4423-0cb2-44eb-a75d-5df64ca88aa9
frogguer,68ca1336-2210-459e-a221-49094e3bf690
toshkobg,a77cf4b2-e251-40ba-9f88-1459545daea5
impariah,984cf341-d089-43fb-a602-4d71e18e7862
rugzy,5e07d141-2302-4b9c-9f2c-220dafd27ef0
strovo,d010566f-b7b1-4762-90ac-059c26791b06
inoliketrollz,055bf716-44d4-4901-906a-010b2e0d649b
saulsol200,e7bea759-5246-4b0c-ac05-4d10a851c587
h1kka,8fe15336-8a71-4e01-8419-4964e86dc243
nayeone,f3d62635-53ad-4669-aed1-7345f7b51191
jbb_pt,d3e57d01-eff9-4bb0-893b-95d0b1b4bf8e
pingzeh,8a8f82ac-ede8-4750-a18f-54c3dbb295c1
thewodragon,99c27e81-1592-4a81-aec6-d0b91e748ba9
toxicbushh,864b9db6-a5a6-4f18-96fb-7effcf8e1957
_codus,eef5dfe2-2a89-4f9f-b5b8-4216e9e9206d
zetth_,604a3fdc-695b-4220-aaee-ab031259e9de
10st,095ebe2b-c472-44e4-8f52-5e247bda9c60
skretcher,d39de457-4f18-4e69-b630-ab9fc2601b3c
moistmittens,7e0a7e67-3a4d-4d1d-a216-39d40080c320
glitchguy_,05cdaaa9-344c-4624-9534-8ccb0881ca98
feerko,04a3222e-77b8-4825-90d5-8850189db7ff
inferno343,f15761bd-d5cb-4230-867b-9d6e324e5819
imfascinated,ebfa93a8-95e3-4a8c-9d50-534187689184
k1ll3rb0y,57b2d955-a7e1-4a79-b3e2-0dae9e743857
grossverdiener,bc62175f-dd8c-4006-8df6-452dd6286cb3
team_goke,66d7486f-7694-4763-bf3e-45ce6b064912
homework,5e2abf27-37ab-45fa-a99d-0d00c32da42d
quiquelhappy,8a0b22c3-f85a-4465-b0ea-732fcbcf1e86
stowaways,8929e6f3-9316-48b2-bd7c-1709f155a5d6
desine,2a427702-a3e6-4e5b-ad5e-a83fb1d191d1
wizardpulse,638c6b28-2d71-44d4-9c8f-b514e8f7f306
albertoski,7557bb84-a767-4d88-a4e6-a10b2b62db0e
minekid_,c6a67349-6392-41dd-81ac-277645e7d58f
azerkiller,049fee80-6c37-4ba4-b104-73e3c97c4ba8
psychobrittney,1318cc2b-9fa1-42cb-b14a-334390d76e03
capitan_sutil,5da1012a-4177-4239-a6d5-5d16d825fe51
gta5racer,7a2b0db4-7a46-4bb3-bdf2-7ee41634530e
gudprod,6d16040a-e7d5-4aa6-9e3e-db60af5317f4
lapolacajean,613970fa-8fb4-4f7a-9909-e49dcc91a63c
nani720,7171fbea-026e-4f21-9a3c-32c354168052
nyanyanyanyan,dcb64303-2357-4b9f-8a19-a0ec197d3c51
absentmc,44ebde4d-3dd3-4f36-b6aa-f85e16a9f1e0
mrgoldz,0a475568-4103-4a9a-8640-ac861a5e06c4
heoheo,3c806463-b9bc-4934-b9c5-9ebe614ed241
meowwarrior,28003a61-6ee8-4a6d-a4ca-b041d43b9178
vipftw,211c4e2f-4c6d-4750-b6bb-1088f9afd0ff
